Title,Note,URL,Tags,Comment
,,,,
Swinging Bridge Equestrian Campground,,https://www.google.com/maps/place/Swinging+Bridge+Equestrian+Campground/data=!4m2!3m1!1s0x874915d82e077019:0x1ff2f4a71b071ef6,,
Pine Marten Run West Trailhead,,https://www.google.com/maps/place/Pine+Marten+Run+West+Trailhead/data=!4m2!3m1!1s0x4d4e9d4e2f7f7f17:0xf87286a5dc2a315,,
Bryce Valley Ranch RV and Horse Park,really good,https://www.google.com/maps/place/Bryce+Valley+Ranch+RV+and+Horse+Park/data=!4m2!3m1!1s0x87356d8ba66758ff:0x9a39599003618ec1,,
Red Rock Canyon,,https://www.google.com/maps/place/Red+Rock+Canyon/data=!4m2!3m1!1s0x80c8bdaa20785475:0x786d6474e0d10b1d,,
Pahaska Trailhead,Corrals,https://www.google.com/maps/place/Pahaska+Trailhead/data=!4m2!3m1!1s0x534e75df3aa732cd:0x11b2ccfa0448bdc9,,
W830 Little Prairie Rd,,https://www.google.com/maps/place/W830+Little+Prairie+Rd/data=!4m2!3m1!1s0x8805c26da3846793:0xdab6c58525dcca67,,
Franklin Creek State Natural Area,,https://www.google.com/maps/place/Franklin+Creek+State+Natural+Area/data=!4m2!3m1!1s0x8809014fe0d81227:0x6aa0fb9b55d87967,,
Kankakee River State Park,,https://www.google.com/maps/place/Kankakee+River+State+Park/data=!4m2!3m1!1s0x880dd99fde3d6453:0xef63301209e5633a,,
Matthiessen State Park,,https://www.google.com/maps/place/Matthiessen+State+Park/data=!4m2!3m1!1s0x88095f4845218a23:0x1ea2cb74ee45b643,,
High Knob Ranch Equestrian Campground,,https://www.google.com/maps/place/High+Knob+Ranch+Equestrian+Campground/data=!4m2!3m1!1s0x8870ee400781c233:0x9445b920925db048,,
Elk Fork Campground 6.7 outback hk,Pens ,https://www.google.com/maps/place/Elk+Fork+Campground+6.7+outback+hk/data=!4m2!3m1!1s0x534dd5d13c69b11b:0xbf5fb09c0492bdf8,,
Cedar Lake Equestrian Campground,,https://www.google.com/maps/place/Cedar+Lake+Equestrian+Campground/data=!4m2!3m1!1s0x87caea85bfaf8e03:0x60828c20e7f091fd,,
Flathat Ranch Ltd,,https://www.google.com/maps/place/Flathat+Ranch+Ltd/data=!4m2!3m1!1s0x8714ad5b428be4a1:0xc696bafe8d5e3b12,,
Ram's Horn Guest Ranch,,https://www.google.com/maps/place/Ram's+Horn+Guest+Ranch/data=!4m2!3m1!1s0x534d63128e91210f:0xa37ff5459a870003,,
Little Sunlight Camping Area,,https://www.google.com/maps/place/Little+Sunlight+Camping+Area/data=!4m2!3m1!1s0x534e8eb3efe8a01b:0x4d90b590759bd224,,
Mueller State Park,,https://www.google.com/maps/place/Mueller+State+Park/data=!4m2!3m1!1s0x8714ae7734da70d5:0xce867a8f55f4d8af,,
Hermit Park Open Space,,https://www.google.com/maps/place/Hermit+Park+Open+Space/data=!4m2!3m1!1s0x876966f9ebf32dd3:0xc9cf5b3e9329a118,,
Elk Creek Campground - Now Grand Lake KOA!,,https://www.google.com/maps/place/Elk+Creek+Campground+-+Now+Grand+Lake+KOA!/data=!4m2!3m1!1s0x8769817acc867f29:0x628cb771fc498ce9,,
Beaver Meadows Resort Ranch,,https://www.google.com/maps/place/Beaver+Meadows+Resort+Ranch/data=!4m2!3m1!1s0x87690279f0ee31d5:0xdbea11c0aaefe492,,
"Carter's Stables, LLC",,"https://www.google.com/maps/place/Carter's+Stables,+LLC/data=!4m2!3m1!1s0x873b88c9f58e5b29:0xdccc9eb3654c28ad",,
Buffalo Arena,,https://www.google.com/maps/place/Buffalo+Arena/data=!4m2!3m1!1s0x873c1ce118717621:0xa4c63f5ccdffc113,,
Marvine Campground,,https://www.google.com/maps/place/Marvine+Campground/data=!4m2!3m1!1s0x8743d6e6e82b62e3:0xef7b5483f69a7e5b,,
Fritzlans Guest Ranch,,https://www.google.com/maps/place/Fritzlans+Guest+Ranch/data=!4m2!3m1!1s0x8743da6b893c1cfd:0xfdeec792374b3c58,,
Sugarite Canyon State Park,,https://www.google.com/maps/place/Sugarite+Canyon+State+Park/data=!4m2!3m1!1s0x8710fa2eadbaa2b5:0xfcf6e79c36f965a6,,
"39°03'28.9""N 104°47'36.2""W",Fox run parking ,"https://www.google.com/maps/search/39.05803,-104.79338",,
Great Sand Dunes National Park and Preserve,,https://www.google.com/maps/place/Great+Sand+Dunes+National+Park+and+Preserve/data=!4m2!3m1!1s0x87142fe61dd9cbc7:0x33d7918ad00f83d9,,
Palisades Horse Campground,,https://www.google.com/maps/place/Palisades+Horse+Campground/data=!4m2!3m1!1s0x873e7caabc794b4b:0x8c26572b1c66d4a,,
Big Chino Ranch,,https://www.google.com/maps/place/Big+Chino+Ranch/data=!4m2!3m1!1s0x872d4fd2b25b8f35:0x7f0398733fc63e90,,
2575 Big Chino Rd,,https://www.google.com/maps/place/2575+Big+Chino+Rd/data=!4m2!3m1!1s0x872d4e847bae30a5:0xe6bab3fe557993cf,,
Soap Creek Campground,,https://www.google.com/maps/place/Soap+Creek+Campground/data=!4m2!3m1!1s0x873f79258fe33235:0xb95865dfc39695cd,,
Woods Lake Campground,Find out more about the camp and trails. They look pretty mellow,https://www.google.com/maps/place/Woods+Lake+Campground/data=!4m2!3m1!1s0x87392b4498687db3:0x768a627cef0b665e,,
Horse Ranch Park,"Very rugged and steep, sheep herds",https://www.google.com/maps/place/Horse+Ranch+Park/data=!4m2!3m1!1s0x87407b2d7ce4327d:0x5aa98cf481fd3574,,
Five Brooks Ranch,,https://www.google.com/maps/place/Five+Brooks+Ranch/data=!4m2!3m1!1s0x8085c131320b3ba5:0x51fe73cb18ec2831,,
Orick Rodeo Grounds,,https://www.google.com/maps/place/Orick+Rodeo+Grounds/data=!4m2!3m1!1s0x54d105609cf7bde3:0x63c9dca78dc31450,,
Orman Guest Ranch & Stables,Trailer rentals for day trips 20 mins away ,https://www.google.com/maps/place/Orman+Guest+Ranch+%26+Stables/data=!4m2!3m1!1s0x54d067d8ba29ae11:0x30efcde155314460,,
9S Stables,Near Zion ,https://www.google.com/maps/place/9S+Stables/data=!4m2!3m1!1s0x80caf77075a8da2d:0x6c17a8d985dceb53,,
Story’s Creek Horse & UTV Campground,"Trails are far from camp, just old logging trails",https://www.google.com/maps/place/Story%E2%80%99s+Creek+Horse+%26+UTV+Campground/data=!4m2!3m1!1s0x87d0a5ae380658e9:0x96fd9e6b3590787c,,
336 E 375 S,Horse Motel,https://www.google.com/maps/place/336+E+375+S/data=!4m2!3m1!1s0x886b6554b66cce85:0x9f2522f1378369d6,,
Come Again Horse Camp,,https://www.google.com/maps/place/Come+Again+Horse+Camp/data=!4m2!3m1!1s0x886eca856c9d8ced:0x980749211def95d4,,
Tombstone Livery Stable & RV park,Ride to Monument ranch for drinks ,https://www.google.com/maps/place/Tombstone+Livery+Stable+%26+RV+park/data=!4m2!3m1!1s0x86d73cee20f4c931:0x42b879d63ec70226,,
N Bar Ranch,,https://www.google.com/maps/place/N+Bar+Ranch/data=!4m2!3m1!1s0x872701aa852e6b79:0xb58d6357afd185a1,,
Canyon Trails Ranch,6 LQ sites w corrals,https://www.google.com/maps/place/Canyon+Trails+Ranch/data=!4m2!3m1!1s0x87397081f3136c4b:0xcb75585e2f19f877,,
926 Fletcher Rd,Badlands horse camp ,https://www.google.com/maps/place/926+Fletcher+Rd/data=!4m2!3m1!1s0x88611cfb48303e9b:0x341d649fa2be1df3,,
Love Valley,,https://www.google.com/maps/place/Love+Valley/data=!4m2!3m1!1s0x8851661f97c79b27:0x5fac8237167af0e8,,
Johnson Creek Recreation Area,,https://www.google.com/maps/place/Johnson+Creek+Recreation+Area/data=!4m2!3m1!1s0x8877afa4f813bbf5:0xd5c4ee5636c1f7ed,,
Horseshoe Holler Horse Camp,"Elaine s went liked it 
Haul 1 mile to story creek camp to ride 12 miles spring trail",https://www.google.com/maps/place/Horseshoe+Holler+Horse+Camp/data=!4m2!3m1!1s0x87d0af7b33d7d281:0x57b889605165dccd,,
Sugar Ridge Ranch OBX,,https://www.google.com/maps/place/Sugar+Ridge+Ranch+OBX/data=!4m2!3m1!1s0x89a43335172d7c75:0x480876f62c244fbd,,
310 W 4000 N,Ears the place horse motel ,https://www.google.com/maps/place/310+W+4000+N/data=!4m2!3m1!1s0x5353bb6aa7073199:0xa4ee3b40040541e3,,
Cabela's,Horse overnight ,https://www.google.com/maps/place/Cabela's/data=!4m2!3m1!1s0x8786116df8d3b3e7:0x77e794c4ed37ecb6,,
Charming Corrals,Horse hotel stayed on the way to WY ,https://www.google.com/maps/place/Charming+Corrals/data=!4m2!3m1!1s0x87f0570d141095b7:0xb31b9a85731fb601,,
Hell’s A-Roarin’ Outfitters,,https://www.google.com/maps/place/Hell%E2%80%99s+A-Roarin%E2%80%99+Outfitters/data=!4m2!3m1!1s0x534fd0280c940049:0xe0a506aaa9951034,,
Yellowstone Outfitters,,https://www.google.com/maps/place/Yellowstone+Outfitters/data=!4m2!3m1!1s0x87567225aa304bdf:0x8afee4f53279acea,,
Headquarters Lake Equestrian State Forest Campground and Trail Camp,Beautiful and can ride to Lake Superior,https://www.google.com/maps/place/Headquarters+Lake+Equestrian+State+Forest+Campground+and+Trail+Camp/data=!4m2!3m1!1s0x4d4919335750f98d:0x6109e0a8e4f80fad,,
Teton Canyon Campground,,https://www.google.com/maps/place/Teton+Canyon+Campground/data=!4m2!3m1!1s0x5353aef354b19f95:0xb2880e28ccd8c1b9,,
Swan Lake Campsites 2-4,,https://www.google.com/maps/place/Swan+Lake+Campsites+2-4/data=!4m2!3m1!1s0x4d4e9db74e9a926d:0xdb7fc9d764d58038,,
Turpin Meadow Campground,"RV Size Accommodations for Turpin Meadow Campgroun
Site #	Size (in feet)	Notes
1	36'	 
2	66'	Pull Through
3	32'	 
4	32'	 
5	32'	 
6	66'	Pull Through
7	32'	 
8	32'	 
9	32'	Hitch Post
10	36'	Pull Through, Hitch Post
11	32'	 
12	28'	 
13	32'	 
14	32'	 
15	28'	 
16	28'	 
17	30'	Pull Through
18	28'	 

General Notes:
Overview and Layout of Turpin Meadow Campground and Trailhead",https://www.google.com/maps/place/Turpin+Meadow+Campground/data=!4m2!3m1!1s0x53526471ca2f2a81:0xbf12ff0d7df04415,,
Eagle Creek Campground,Good corrals,https://www.google.com/maps/place/Eagle+Creek+Campground/data=!4m2!3m1!1s0x534e75c133144cfd:0x4841c69defa9d24a,,
River Road Equestrian Campground,,https://www.google.com/maps/place/River+Road+Equestrian+Campground/data=!4m2!3m1!1s0x4d5431a2a1112029:0xa8b65c464fde07c9,,
Iron Creek Camp Ground,Take American center rd only other is too tight. Check for tunnels on route ,https://www.google.com/maps/place/Iron+Creek+Camp+Ground/data=!4m2!3m1!1s0x877d358fba946f21:0xd8cd56e6dfe3f26f,,
Boulder Lake Campground,,https://www.google.com/maps/place/Boulder+Lake+Campground/data=!4m2!3m1!1s0x8757888b7262e71b:0x61605aaa4dcf0ad2,,
Big Sandy Campground,,https://www.google.com/maps/place/Big+Sandy+Campground/data=!4m2!3m1!1s0x8759cbf1dc56a4e5:0x683bdcb4a786d236,,
Alkali Creek Campground,Nice corrals ,https://www.google.com/maps/place/Alkali+Creek+Campground/data=!4m2!3m1!1s0x532d5aeec3766461:0x1472c0da2577a55d,,
Sundance Horse Camp,Good camp w water and corrals ,https://www.google.com/maps/place/Sundance+Horse+Camp/data=!4m2!3m1!1s0x5332e6c5e3bda2bd:0x78d9cc541afd8929,,
Sequoia National Park,Wolverton horse camp looks amazing has horse pens ,https://www.google.com/maps/place/Sequoia+National+Park/data=!4m2!3m1!1s0x80bffb7d2d196579:0x440adff99f1ef464,,
Tamarack Horse Campground,,https://www.google.com/maps/place/Tamarack+Horse+Campground/data=!4m2!3m1!1s0x52ade52ebdd5e893:0xfdfef61722fc8701,,
Teton County Fairgrounds,,https://www.google.com/maps/place/Teton+County+Fairgrounds/data=!4m2!3m1!1s0x5353a35e295ec69d:0x9bc587c4c015e2d8,,
Broken Arrow Campground,Have to haul out all rides,https://www.google.com/maps/place/Broken+Arrow+Campground/data=!4m2!3m1!1s0x877d2cad18831685:0x76391504b10ff654,,
Cottonwood Guest Ranch,,https://www.google.com/maps/place/Cottonwood+Guest+Ranch/data=!4m2!3m1!1s0x80a845a36a806d51:0x196253cf6bec2a3c,,
Hamic Ranch,Looks perfect ,https://www.google.com/maps/place/Hamic+Ranch/data=!4m2!3m1!1s0x534ecddb2cd5e61d:0x1ab8bb20b71ded31,,
TC Horse Camp,,https://www.google.com/maps/place/TC+Horse+Camp/data=!4m2!3m1!1s0x8762d380dde14155:0xda47fd98d61af82b,,
Aspen Meadows Ranch Horsecamp,,https://www.google.com/maps/place/Aspen+Meadows+Ranch+Horsecamp/data=!4m2!3m1!1s0x8762d3f5f096b33d:0xf262548f48e19013,,
FARMLANE CAMPGROUND,,https://www.google.com/maps/place/FARMLANE+CAMPGROUND/data=!4m2!3m1!1s0x883cd24b914d6f79:0xc17a8e848e2813e1,,
Hobby Horse Overnight Stables,,https://www.google.com/maps/place/Hobby+Horse+Overnight+Stables/data=!4m2!3m1!1s0x87861191ada65fef:0x8dbf68fc5fb20173,,
Diamond B Overnight Horse Motel,,https://www.google.com/maps/place/Diamond+B+Overnight+Horse+Motel/data=!4m2!3m1!1s0x879751d9e7cb614f:0xb02f66a4c520dffb,,
Hunter Trailhead,Camping here ,https://www.google.com/maps/place/Hunter+Trailhead/data=!4m2!3m1!1s0x534a7dfb4c52ed51:0xe09ad5cf95436cdf,,
Ten Sleep RV Park,,https://www.google.com/maps/place/Ten+Sleep+RV+Park/data=!4m2!3m1!1s0x534ae3daa555e533:0x991894efe176d5dc,,
French Creek Trailhead,Beautiful ,https://www.google.com/maps/place/French+Creek+Trailhead/data=!4m2!3m1!1s0x877d2c1f563b6661:0xcd0e9ff69608c0bf,,
Equestrian Campground Rd,Scouts trail went. Looks good. Fill tanks on way in.,https://www.google.com/maps/place/Equestrian+Campground+Rd/data=!4m2!3m1!1s0x80ca649f2d20d4f7:0xab43ba95d6f2a629,,
Hapi Trails,Access to Tetons. Rv Hookups ,https://www.google.com/maps/place/Hapi+Trails/data=!4m2!3m1!1s0x5353a12899218f93:0x51fe98721e24f42c,,
Crystal Creek Campground,,https://www.google.com/maps/place/Crystal+Creek+Campground/data=!4m2!3m1!1s0x5352f06c4fe2a207:0xaca7844b6d37886c,,
Valle Vidal,,https://www.google.com/maps/place/Valle+Vidal/data=!4m2!3m1!1s0x87173bb46f6fc085:0x7b14fc407fb7a57f,,
Shaker Village of Pleasant Hill,,https://www.google.com/maps/place/Shaker+Village+of+Pleasant+Hill/data=!4m2!3m1!1s0x884288f9b4bc7af9:0x4a1186d129866663,,
Fort Custer Equestrian Camp & Trailhead,,https://www.google.com/maps/place/Fort+Custer+Equestrian+Camp+%26+Trailhead/data=!4m2!3m1!1s0x88178d10b330c17d:0x65634bb1056736bb,,
Heaven On Earth Ranch,Came from Anna and Ashlyn ,https://www.google.com/maps/place/Heaven+On+Earth+Ranch/data=!4m2!3m1!1s0x5343a2747b5dccad:0xeac07769221b4203,,
The Bunkhouse Cabin,Good layover ,https://www.google.com/maps/place/The+Bunkhouse+Cabin/data=!4m2!3m1!1s0x8739d37d08c02ee1:0x1077419cceff97e5,,
Courthouse Rock Campground,Sites 5&6 have shelters require reservations. Bring water,https://www.google.com/maps/place/Courthouse+Rock+Campground/data=!4m2!3m1!1s0x874871b7cfebaf3d:0xe8d9812843dc6ddf,,
Ute Lodge,,https://www.google.com/maps/place/Ute+Lodge/data=!4m2!3m1!1s0x8743da2c78eed24b:0x797db85daf50090c,,
Ferne Clyffe State Park Horse Camp,,https://www.google.com/maps/place/Ferne+Clyffe+State+Park+Horse+Camp/data=!4m2!3m1!1s0x8877456b81c1a56b:0xc742301df145c638,,
Froggy's River Resort,,https://www.google.com/maps/place/Froggy's+River+Resort/data=!4m2!3m1!1s0x87dacf0bcc8b4271:0xa8388481c8b20a4a,,
Coldwater Ranch,,https://www.google.com/maps/place/Coldwater+Ranch/data=!4m2!3m1!1s0x87d0af39f01a9735:0x52dcc1bd780e3e89,,
Reinmakers Equestrian Park,,https://www.google.com/maps/place/Reinmakers+Equestrian+Park/data=!4m2!3m1!1s0x80ca4f83c9418703:0xe35b9997b987a38d,,
Rocking Dd Horse Ranch and Boarding Facility,Granite mountain is a good ride ,https://www.google.com/maps/place/Rocking+Dd+Horse+Ranch+and+Boarding+Facility/data=!4m2!3m1!1s0x872d2347b62f0bbb:0x44deb55ed5d28d4b,,
The Diamond P Ranch,Near Yellowstone ,https://www.google.com/maps/place/The+Diamond+P+Ranch/data=!4m2!3m1!1s0x5351b0311277ca49:0xa34715d2461ff6ac,,
354 Eli Ford Rd,Horse hotel H&J Mountain View ranch ,https://www.google.com/maps/place/354+Eli+Ford+Rd/data=!4m2!3m1!1s0x885df9c74baa3177:0xc694400e77baf765,,
Kalama Horse Camp Campground,,https://www.google.com/maps/place/Kalama+Horse+Camp+Campground/data=!4m2!3m1!1s0x5494274a15b3a27d:0x40844a7c49e7d440,,
"Hay Creek Ranch, AZ – Horse Camp",Wow!!!!,"https://www.google.com/maps/place/Hay+Creek+Ranch,+AZ+%E2%80%93+Horse+Camp/data=!4m2!3m1!1s0x86d63d6724d669ed:0x7cd0698bfa59b911",,
Tasha Equestrian Campground,,https://www.google.com/maps/place/Tasha+Equestrian+Campground/data=!4m2!3m1!1s0x874bb2797abd335b:0x692bc29a7cbe0f76,,
Lockwood Park & Trailside Equestrian Centre,Good in winter ,https://www.google.com/maps/place/Lockwood+Park+%26+Trailside+Equestrian+Centre/data=!4m2!3m1!1s0x8808942f078b3ac5:0xd14a62b03de5ffc3,,
Gunsight Point,Can boondock here and ride the rim take BLM road 1048 ,https://www.google.com/maps/place/Gunsight+Point/data=!4m2!3m1!1s0x8734b34bda12f8c3:0xb8a1ea9c93ef922f,,
Big Texan RV Ranch,,https://www.google.com/maps/place/Big+Texan+RV+Ranch/data=!4m2!3m1!1s0x870148e91a6ba359:0x8af3077152a47071,,
Haven at Box Canyon,,https://www.google.com/maps/place/Haven+at+Box+Canyon/data=!4m2!3m1!1s0x87adc5fd4bc779bb:0xd6cfcd4ebf1e4439,,
Robbers Cave Stables,,https://www.google.com/maps/place/Robbers+Cave+Stables/data=!4m2!3m1!1s0x87b5737786728c71:0x431a99657c7b532d,,
Horse Heaven,,https://www.google.com/maps/place/Horse+Heaven/data=!4m2!3m1!1s0x87caa2f695a315bf:0x838a230addb475fd,,
Summer Sage Stables,,https://www.google.com/maps/place/Summer+Sage+Stables/data=!4m2!3m1!1s0x872d8c258b9bb9f1:0x736d69eacbff673f,,
MCS Stables,,https://www.google.com/maps/place/MCS+Stables/data=!4m2!3m1!1s0x872d852b5a7585cf:0x31007f446fc92f44,,
"Resumidero Campground, Santa Fe National Forest, Coyote Ranger District",,"https://www.google.com/maps/place/Resumidero+Campground,+Santa+Fe+National+Forest,+Coyote+Ranger+District/data=!4m2!3m1!1s0x873d4d642842375d:0x73e6997ddadd11f2",,
Triple M Stable LLC Bob,Horse overnight ,https://www.google.com/maps/place/Triple+M+Stable+LLC+Bob/data=!4m2!3m1!1s0x87938193e7c2ff25:0x9f1bb4d2160bd9ee,,
HQH Overnight Stables,Horse overnight ,https://www.google.com/maps/place/HQH+Overnight+Stables/data=!4m2!3m1!1s0x877132893b5a3651:0xcc8cac2280000097,,
Iron Saddle Ranch,"Layover, tack store, food ",https://www.google.com/maps/place/Iron+Saddle+Ranch/data=!4m2!3m1!1s0x8876a7867f278ad5:0xe9a4607d8f2d33e3,,
Saul's Creek Stables,Good layover large corrals with shade ,https://www.google.com/maps/place/Saul's+Creek+Stables/data=!4m2!3m1!1s0x873c2662aeff4fa9:0x7c657d5d9d2af822,,
D bar D Ranch,Swim with horses ,https://www.google.com/maps/place/D+bar+D+Ranch/data=!4m2!3m1!1s0x881ed9c307095315:0x660815bdfe5d673b,,
Saddle Peak Trail Rides,,https://www.google.com/maps/place/Saddle+Peak+Trail+Rides/data=!4m2!3m1!1s0x537129c4e7a1eb41:0x9b4a3101400d4e30,,
Buck Creek Ranch Campground,,https://www.google.com/maps/place/Buck+Creek+Ranch+Campground/data=!4m2!3m1!1s0x8870979a5fec7951:0xc912e33d27f5625a,,
Matthiessen State Park Horse Campground,,https://www.google.com/maps/place/Matthiessen+State+Park+Horse+Campground/data=!4m2!3m1!1s0x88095993dd74c52d:0x6cdfdd86505c93e5,,
Falling Water Horse Camp,Tiny pens for horses,https://www.google.com/maps/place/Falling+Water+Horse+Camp/data=!4m2!3m1!1s0x87cdcfdecd523257:0x575d9d4b6fbb4e8d,,
Puncheon Camp Knob,,https://www.google.com/maps/place/Puncheon+Camp+Knob/data=!4m2!3m1!1s0x885d0b2d148d52c3:0xa4ce7d0549d7f88f,,
Casto Canyon Trailhead,,https://www.google.com/maps/place/Casto+Canyon+Trailhead/data=!4m2!3m1!1s0x87355f4c9ed1b45f:0xbdf4ce8f8f2effde,,
Gunslinger Gulch Guest Ranch,1823 filmed here,https://www.google.com/maps/place/Gunslinger+Gulch+Guest+Ranch/data=!4m2!3m1!1s0x535b91d397449559:0x1457b18dde4fdd99,,
Buck Run Horse Campground LLC,,https://www.google.com/maps/place/Buck+Run+Horse+Campground+LLC/data=!4m2!3m1!1s0x885d8344e79c795b:0x3d28993f39196b23,,
Quiet Woods green river stables,,https://www.google.com/maps/place/Quiet+Woods+green+river+stables/data=!4m2!3m1!1s0x8868740f672d17c7:0xb9b6d4cbdc97059f,,
Lazy Horse Ranch,,https://www.google.com/maps/place/Lazy+Horse+Ranch/data=!4m2!3m1!1s0x86d7661ef3315ab7:0xd7fc9c3cc7ce9b2d,,
79 Gaskin Mine Rd,"Buck creek ranch 
No stalls-rent corrals ",https://www.google.com/maps/place/79+Gaskin+Mine+Rd/data=!4m2!3m1!1s0x887096c77749312d:0x9ec12c9665804a3,,
Tar Hollow State Park,,https://www.google.com/maps/place/Tar+Hollow+State+Park/data=!4m2!3m1!1s0x8847a327e909e489:0x9a7f8de5f4884d7f,,
Elkhorn Ranch,,https://www.google.com/maps/place/Elkhorn+Ranch/data=!4m2!3m1!1s0x53503c6cbf503a79:0x1f0e70a96a7f4b2a,,
Covered Wagon Ranch,,https://www.google.com/maps/place/Covered+Wagon+Ranch/data=!4m2!3m1!1s0x53503c3e388aaa61:0xc871850e67610297,,
"Spur of the Moment Ranch, LLC",,"https://www.google.com/maps/place/Spur+of+the+Moment+Ranch,+LLC/data=!4m2!3m1!1s0x4d5347ffa062ecd1:0x40d7f164f1abc932",,
Lake Glendale Stables & Equestrian Center,,https://www.google.com/maps/place/Lake+Glendale+Stables+%26+Equestrian+Center/data=!4m2!3m1!1s0x8870af762fa18d8b:0x4d0bac5f20094b1d,,
Paria River Ranch,,https://www.google.com/maps/place/Paria+River+Ranch/data=!4m2!3m1!1s0x8734f9a9092e4e5d:0x91e79e786f118e40,,
Frank Russell Campground,,https://www.google.com/maps/place/Frank+Russell+Campground/data=!4m2!3m1!1s0x87ddbbd9dc18de95:0x443a669c57aa9842,,
Phantom Ranch,,https://www.google.com/maps/place/Phantom+Ranch/data=!4m2!3m1!1s0x873311a0814cef0f:0xce7cf77591d7d380,,
Honey Creek Horse Camp,Do not come in from the east on the gravel road.,https://www.google.com/maps/place/Honey+Creek+Horse+Camp/data=!4m2!3m1!1s0x885d9ebb3e135821:0x6b5633882c18848,,
High Country Horse Campground,,https://www.google.com/maps/place/High+Country+Horse+Campground/data=!4m2!3m1!1s0x8851cbc608acb34d:0x9f5ec4cdb03cb1be,,
926 Fletcher Rd,Badlands horse camp,https://www.google.com/maps/place/926+Fletcher+Rd/data=!4m2!3m1!1s0x88611cfcad8f54b1:0x92c760cc7385127d,,
Bandy Creek Campground,Rode here horse camp split from people camp,https://www.google.com/maps/place/Bandy+Creek+Campground/data=!4m2!3m1!1s0x885d9dfef1a4f4f3:0x14104b04964027cc,,
The Bolo Club,,https://www.google.com/maps/place/The+Bolo+Club/data=!4m2!3m1!1s0x88619843f8bebab9:0xac809ef8e0b7d78b,,
North Fork River Ranch,,https://www.google.com/maps/place/North+Fork+River+Ranch/data=!4m2!3m1!1s0x87d03f5a0da0e02d:0x1149b8b259a6e73e,,
Gum Springs Horse Campground,,https://www.google.com/maps/place/Gum+Springs+Horse+Campground/data=!4m2!3m1!1s0x86306b33e6739e11:0xefa225918a3d497e,,
Warden Station Horse Camp,,https://www.google.com/maps/place/Warden+Station+Horse+Camp/data=!4m2!3m1!1s0x888aff1575fc0941:0xbbd53f9d1b6ef131,,
Threemile Creek,Horse poor 4 ever has more info,https://www.google.com/maps/place/Threemile+Creek/data=!4m2!3m1!1s0x876b014b581b558f:0xa4c719d85557aa4,,
Cedar Island RV Park,Has stables for horses,https://www.google.com/maps/place/Cedar+Island+RV+Park/data=!4m2!3m1!1s0x89a605b2af36328f:0xf2b1d769861a9e,,
Assateague Island,Equestrian camping on beach ,https://www.google.com/maps/place/Assateague+Island/data=!4m2!3m1!1s0x89b93900de9c6899:0xb294ae606bf26aa8,,
Horse Camp Campground,,https://www.google.com/maps/place/Horse+Camp+Campground/data=!4m2!3m1!1s0x8095656dec40132d:0xf8ab0263d49c2da7,,
French Creek Camping Area,Don’t go. Bad fire 2018 and is very barren,https://www.google.com/maps/place/French+Creek+Camping+Area/data=!4m2!3m1!1s0x877d1d651730c001:0x12e8f4fe8cde01e3,,
La Riviere Park,Open for camping,https://www.google.com/maps/place/La+Riviere+Park/data=!4m2!3m1!1s0x87fc84d0841e6b67:0x7ed5b246841f677c,,
Inlet Point Plantation,,https://www.google.com/maps/place/Inlet+Point+Plantation/data=!4m2!3m1!1s0x890086fc9d4ea025:0x5b4209b061c4d099,,
Theodore Roosevelt National Park,Horse camp in park ,https://www.google.com/maps/place/Theodore+Roosevelt+National+Park/data=!4m2!3m1!1s0x5325e7fef776fe93:0x95612e77b99cc4ab,,
King’s Guest Ranch LLC,,https://www.google.com/maps/place/King%E2%80%99s+Guest+Ranch+LLC/data=!4m2!3m1!1s0x5325ed9746ae260b:0x5f6e559e20664adf,,
Sully Creek State Park,,https://www.google.com/maps/place/Sully+Creek+State+Park/data=!4m2!3m1!1s0x5325e97b076a701d:0x69838789a7ffeb2d,,
Bar X Ranch,,https://www.google.com/maps/place/Bar+X+Ranch/data=!4m2!3m1!1s0x5325c492d6c6ed85:0x40896524fc282526,,
Hungry Horse Ln,"They don't advertise nor are they on FB. Their numbers are 276-620-9195 and 276-699-6315 Riverside Dr Ivanhoe, VA (off SR-94)",https://www.google.com/maps/place/Hungry+Horse+Ln/data=!4m2!3m1!1s0x89b4364552ec51bd:0x8fd10b1651916bd5,,
Boston Mountain Horse Camp,Patti said not good,https://www.google.com/maps/place/Boston+Mountain+Horse+Camp/data=!4m2!3m1!1s0x87cdd95c9a3bbf29:0x67f4101594b8b92c,,
Broyhill Equestrian Preserve,,https://www.google.com/maps/place/Broyhill+Equestrian+Preserve/data=!4m2!3m1!1s0x8850eff796e1f493:0xcf1adcd2c7e51dc6,,
Ocean Acres Horse Hotel Bed & Breakfast,,https://www.google.com/maps/place/Ocean+Acres+Horse+Hotel+Bed+%26+Breakfast/data=!4m2!3m1!1s0x54924ffa11fff97d:0x901f945980541da9,,
Turtle Lake Campground,,https://www.google.com/maps/place/Turtle+Lake+Campground/data=!4m2!3m1!1s0x881e406cfe21135b:0xcaaea333e2f6e5c,,
Horse Campground,,https://www.google.com/maps/place/Horse+Campground/data=!4m2!3m1!1s0x886cfc26082a6783:0x3b3b646ee8e5944c,,
Little Elden Springs Horse Camp,,https://www.google.com/maps/place/Little+Elden+Springs+Horse+Camp/data=!4m2!3m1!1s0x872d8985a15abf39:0xd9d211317327e166,,
Ionia Equestrian-Rustic,,https://www.google.com/maps/place/Ionia+Equestrian-Rustic/data=!4m2!3m1!1s0x881879f36f61b185:0xd2b8d600866cf275,,
Sage Creek Campground,,https://www.google.com/maps/place/Sage+Creek+Campground/data=!4m2!3m1!1s0x877dc7bfcb0a175b:0x563cee60ec824617,,
Hoosier Horse Camp,,https://www.google.com/maps/place/Hoosier+Horse+Camp/data=!4m2!3m1!1s0x886c76a89da93785:0x346635e35c023147,,
Midwest Trail Ride RV Campground,,https://www.google.com/maps/place/Midwest+Trail+Ride+RV+Campground/data=!4m2!3m1!1s0x886c73b09bdb7d09:0xbf9dd23a043309c4,,
Harden's Horse Camp,,https://www.google.com/maps/place/Harden's+Horse+Camp/data=!4m2!3m1!1s0x886c75302a46aae1:0xa634cf775bfb6d44,,
Pioneer Ridge,,https://www.google.com/maps/place/Pioneer+Ridge/data=!4m2!3m1!1s0x87e88282b50bc297:0xb12d4cf6a63d72e0,,
Sleepy Hollow State Park,,https://www.google.com/maps/place/Sleepy+Hollow+State+Park/data=!4m2!3m1!1s0x8822fa3613a7e7d5:0x7f7ca7ddfa555608,,
Cedar Lake Campground,,https://www.google.com/maps/place/Cedar+Lake+Campground/data=!4m2!3m1!1s0x88774cfe50ff8b3f:0x8f80876b80b3656a,,
Circle B Campground,,https://www.google.com/maps/place/Circle+B+Campground/data=!4m2!3m1!1s0x8870bbeeebf110cb:0x8cc73e6a13f53dc1,,
Princess Place Preserve,They have an equestrian campground ,https://www.google.com/maps/place/Princess+Place+Preserve/data=!4m2!3m1!1s0x88e69738efef34bf:0x29fb1a18e7b62e91,,
Cowshed Cabin Farm,,https://www.google.com/maps/place/Cowshed+Cabin+Farm/data=!4m2!3m1!1s0x89e1dac6ddceaa1f:0x979cf2caf0899504,,
Otter Creek Horse Trails,,https://www.google.com/maps/place/Otter+Creek+Horse+Trails/data=!4m2!3m1!1s0x89d8c0760cbfe277:0xaece6e3e091aa2f4,,
Hayes Canyon Campground,,https://www.google.com/maps/place/Hayes+Canyon+Campground/data=!4m2!3m1!1s0x8870ba35a3536173:0x46e8bd841fa812d8,,
Faye Whittemore Farms,,https://www.google.com/maps/place/Faye+Whittemore+Farms/data=!4m2!3m1!1s0x88885ce42ba865a3:0x818ca288deefd60a,,
Cowboy Country Club Campground,,https://www.google.com/maps/place/Cowboy+Country+Club+Campground/data=!4m2!3m1!1s0x885d9f5df5b05455:0xf8e7e1d309023903,,
World Equine Center,,https://www.google.com/maps/place/World+Equine+Center/data=!4m2!3m1!1s0x88e88116b290a6dd:0x3a8b9e2ef2396ab1,,
Big Fork Campground,,https://www.google.com/maps/place/Big+Fork+Campground/data=!4m2!3m1!1s0x885d9c1156f36681:0xf4e7335def146e27,,
Saddle Valley Ranch Horse & RV Park,,https://www.google.com/maps/place/Saddle+Valley+Ranch+Horse+%26+RV+Park/data=!4m2!3m1!1s0x87d1e129b0f3c873:0xc03108a59aee9e5f,,
Nehalem Bay State Park,,https://www.google.com/maps/place/Nehalem+Bay+State+Park/data=!4m2!3m1!1s0x5494ca3cb91ade67:0x8208a4a434bfee1c,,
Coyote Creek Tack & Stables,Shooting clinic,https://www.google.com/maps/place/Coyote+Creek+Tack+%26+Stables/data=!4m2!3m1!1s0x887398b49a6cd241:0xcc3b4ec6ceccc711,,
Ebenezer Equestrian Camping,,https://www.google.com/maps/place/Ebenezer+Equestrian+Camping/data=!4m2!3m1!1s0x8639bc5afdb1596f:0x42438fc486be600,,
Westgate River Ranch Resort & Rodeo,,https://www.google.com/maps/place/Westgate+River+Ranch+Resort+%26+Rodeo/data=!4m2!3m1!1s0x88ddb7b0c93bed8d:0x93e8ca3748acd81f,,
Circle B Ranch,,https://www.google.com/maps/place/Circle+B+Ranch/data=!4m2!3m1!1s0x8870b60bb66a01ad:0x516b6e86206d793e,,
Bear Branch Campgrounds,Guides available ,https://www.google.com/maps/place/Bear+Branch+Campgrounds/data=!4m2!3m1!1s0x8870bb06585ae17d:0xee661b3993fb8598,,
Whetstone Horse Campground,,https://www.google.com/maps/place/Whetstone+Horse+Campground/data=!4m2!3m1!1s0x8858e7c4a24c0b8f:0x7068bd4fac1dd8aa,,
Rocky Hollow Horse Camp,,https://www.google.com/maps/place/Rocky+Hollow+Horse+Camp/data=!4m2!3m1!1s0x884e3cc000000003:0xf33c79e741dca1aa,,
Hobo's Hideout Bed Breakfast and Barn,,https://www.google.com/maps/place/Hobo's+Hideout+Bed+Breakfast+and+Barn/data=!4m2!3m1!1s0x8739436ec34cb26f:0x301bda4333640f4c,,
Taylor County Horse Trail & Camp,,https://www.google.com/maps/place/Taylor+County+Horse+Trail+%26+Camp/data=!4m2!3m1!1s0x52aa9eaa24f369ef:0xabe9570f0c511cfb,,
Horseshoe Lake Horse Campground,,https://www.google.com/maps/place/Horseshoe+Lake+Horse+Campground/data=!4m2!3m1!1s0x52a931958aa63ba3:0x2a4957585bf8ba7c,,
T Bar S Horse Camp,,https://www.google.com/maps/place/T+Bar+S+Horse+Camp/data=!4m2!3m1!1s0x8647f1f6a6ddee19:0x8ccbfb5577f49643,,
Train Robber Ranch,,https://www.google.com/maps/place/Train+Robber+Ranch/data=!4m2!3m1!1s0x864813f9d5003e23:0x54ff02b5933ad233,,
Bear Creek Horse Camp,,https://www.google.com/maps/place/Bear+Creek+Horse+Camp/data=!4m2!3m1!1s0x885d0de21811ddf3:0xda03e6c2d6c25166,,
Ride Out Ranch,,https://www.google.com/maps/place/Ride+Out+Ranch/data=!4m2!3m1!1s0x872a1fa29726aa6f:0x4e0fe2771827b6af,,
Double J Stables and Campgrounds,,https://www.google.com/maps/place/Double+J+Stables+and+Campgrounds/data=!4m2!3m1!1s0x8868a9c64c354b6f:0x36c543e9cc3440b5,,
Big Creek Horse Camp,,https://www.google.com/maps/place/Big+Creek+Horse+Camp/data=!4m2!3m1!1s0x885bd84ec1e1a4c5:0x9bf9097dd3da895e,,
Salamonie Lake Horsemen's Campground,,https://www.google.com/maps/place/Salamonie+Lake+Horsemen's+Campground/data=!4m2!3m1!1s0x88144cf0f065e4c1:0x281a9434b7406e85,,
Idle Nook Horse Camp LLC,,https://www.google.com/maps/place/Idle+Nook+Horse+Camp+LLC/data=!4m2!3m1!1s0x87cb449948b13549:0xf0574b89203a16b2,,
Buffalo River Trail Ride Inc,,https://www.google.com/maps/place/Buffalo+River+Trail+Ride+Inc/data=!4m2!3m1!1s0x887cdb9bef48d6b3:0xb0514988b9829ebb,,
Laurel Hill Trail and Camp,,https://www.google.com/maps/place/Laurel+Hill+Trail+and+Camp/data=!4m2!3m1!1s0x88632d259cccd3fb:0xddd2d8bffb6d0423,,
Pinecrest Campground & Cabins,,https://www.google.com/maps/place/Pinecrest+Campground+%26+Cabins/data=!4m2!3m1!1s0x87da6e2bd8dbe805:0xe2bf49c14afc417c,,
Shelton's Big Flat Getaway,,https://www.google.com/maps/place/Shelton's+Big+Flat+Getaway/data=!4m2!3m1!1s0x87d1fc69d62db41d:0x7fc66bce529a600d,,
Cedar Island Resort,,https://www.google.com/maps/place/Cedar+Island+Resort/data=!4m2!3m1!1s0x89a605b31ca690eb:0xe72da9ab6b202573,,
Caney Mountain Horse Camp,,https://www.google.com/maps/place/Caney+Mountain+Horse+Camp/data=!4m2!3m1!1s0x87d1e2b7e8b9215b:0xec5edbd7e82c1dc4,,
Jacks Creek Campground,,https://www.google.com/maps/place/Jacks+Creek+Campground/data=!4m2!3m1!1s0x8719b6cdd304a4bb:0x6662de1cda15c637,,
Heaven's Gate RV and Retreat,,https://www.google.com/maps/place/Heaven's+Gate+RV+and+Retreat/data=!4m2!3m1!1s0x87cab9c6fba40ecf:0xfaf0b6675846b876,,
Cowboy RV Park and Horse Hotel,,https://www.google.com/maps/place/Cowboy+RV+Park+and+Horse+Hotel/data=!4m2!3m1!1s0x86fe75f6500a1cf5:0xa4574eb563ae43a1,,
Cowboy Up Trails,,https://www.google.com/maps/place/Cowboy+Up+Trails/data=!4m2!3m1!1s0x87cdcf0789b52bfb:0x845dc3801a3f15df,,
Cottonwood Patch USFS Campground,,https://www.google.com/maps/place/Cottonwood+Patch+USFS+Campground/data=!4m2!3m1!1s0x885fc9aff9eddd2f:0x9c9cb237525c118e,,
Fiddlers Green RV Ranch,,https://www.google.com/maps/place/Fiddlers+Green+RV+Ranch/data=!4m2!3m1!1s0x88e7a581df2af695:0x166eecf781f3c05a,,
Hodges Equestrian Park,,https://www.google.com/maps/place/Hodges+Equestrian+Park/data=!4m2!3m1!1s0x88878de7161ad78f:0x6808203b8934a5,,
ROCKHAVEN PARK EQUESTRIAN CAMPGROUND (recgovnpsdata),,https://www.google.com/maps/place/ROCKHAVEN+PARK+EQUESTRIAN+CAMPGROUND+(recgovnpsdata)/data=!4m2!3m1!1s0x87bf6ac2337ddfa7:0x48940768dd57c74,,
Fort Robinson State Park,,https://www.google.com/maps/place/Fort+Robinson+State+Park/data=!4m2!3m1!1s0x877b372051bf3bc1:0xeda1c70fc2c3757f,,
TK Ranch Campground,,https://www.google.com/maps/place/TK+Ranch+Campground/data=!4m2!3m1!1s0x887097ce0d26dabf:0xd2f6c705c9b889ad,,
Slabtown Horse Camp LLC (formerly Slabtown Trail Rides),,https://www.google.com/maps/place/Slabtown+Horse+Camp+LLC+(formerly+Slabtown+Trail+Rides)/data=!4m2!3m1!1s0x87da951396deb797:0x20529818b4669124,,
Dunn Rite Ranch,,https://www.google.com/maps/place/Dunn+Rite+Ranch/data=!4m2!3m1!1s0x54ae4ff9a47832df:0xef5a0d8d8618d80f,,
Cowboy Larrys,No shower or bathroom,https://www.google.com/maps/place/Cowboy+Larrys/data=!4m2!3m1!1s0x8847948973d4b311:0x55aed45b956dd1db,,
STACKED STONES RETREAT,They say don’t go here???,https://www.google.com/maps/place/STACKED+STONES+RETREAT/data=!4m2!3m1!1s0x8847944d66c4be5b:0x3808df88a27f00f5,,
"Three Reasons Farms, Horse Camp",,"https://www.google.com/maps/place/Three+Reasons+Farms,+Horse+Camp/data=!4m2!3m1!1s0x884794c9dedf0953:0x91125cda95a65323",,
The Spotted Horse Ranch,,https://www.google.com/maps/place/The+Spotted+Horse+Ranch/data=!4m2!3m1!1s0x88479739651477e5:0x9ad6c1e3d979d3eb,,
Smoke Rise Ranch,,https://www.google.com/maps/place/Smoke+Rise+Ranch/data=!4m2!3m1!1s0x884808eab36457db:0xf665489acdc40cc5,,
Pine Creek Horseman's Camp,,https://www.google.com/maps/place/Pine+Creek+Horseman's+Camp/data=!4m2!3m1!1s0x88479506dfe8d77f:0x7f1413be694283d1,,
Dover Stables,Clinic ,https://www.google.com/maps/place/Dover+Stables/data=!4m2!3m1!1s0x88059d9a9b8c321b:0x7abf705c7930c9e7,,
Stampede Run,,https://www.google.com/maps/place/Stampede+Run/data=!4m2!3m1!1s0x885d181f7a9dd529:0x1a4ce879565272a0,,
River Valley Lodge & Campground,,https://www.google.com/maps/place/River+Valley+Lodge+%26+Campground/data=!4m2!3m1!1s0x87e702756cbb0ad9:0x6515c886e30d8624,,
Goose Creek Trail Camp,,https://www.google.com/maps/place/Goose+Creek+Trail+Camp/data=!4m2!3m1!1s0x8820048d16c382a9:0x71994f7105b2cd50,,
Mule Power Farms,,https://www.google.com/maps/place/Mule+Power+Farms/data=!4m2!3m1!1s0x86d6685b525bdf89:0x47073ab1494b40c6,,
Bedroll and Breakfast,,https://www.google.com/maps/place/Bedroll+and+Breakfast/data=!4m2!3m1!1s0x53523c4799a070f5:0x2a9fdbf050ec0503,,
Sheffield Campground,,https://www.google.com/maps/place/Sheffield+Campground/data=!4m2!3m1!1s0x53523c391f000001:0x4fe012a3f62e5aaa,,
Swift Creek Outfitters - Teton Horseback Adventures,,https://www.google.com/maps/place/Swift+Creek+Outfitters+-+Teton+Horseback+Adventures/data=!4m2!3m1!1s0x53533d47a467ff3f:0xbf6cd90ac627e5c8,,
Pacific Creek Campground,,https://www.google.com/maps/place/Pacific+Creek+Campground/data=!4m2!3m1!1s0x535269b9ab7397bb:0x67efc0ce59c8e9f5,,
Valar Horse Facility,,https://www.google.com/maps/place/Valar+Horse+Facility/data=!4m2!3m1!1s0x53533c6343fda827:0x645b82f7029f8d50,,
Cedar Creek Ranch,,https://www.google.com/maps/place/Cedar+Creek+Ranch/data=!4m2!3m1!1s0x88095fbd8279d423:0x11507b7c2bbf9a36,,
Green River Lake Campground,,https://www.google.com/maps/place/Green+River+Lake+Campground/data=!4m2!3m1!1s0x5352b3d0606b1eb5:0xac10c143ca423349,,
La Riviere Horse Park,,https://www.google.com/maps/place/La+Riviere+Horse+Park/data=!4m2!3m1!1s0x87fc84dbeebb11b1:0x31dc19b2e30e357a,,
Ukarydee Equestrian Camping,,https://www.google.com/maps/place/Ukarydee+Equestrian+Camping/data=!4m2!3m1!1s0x8800a0d69b6bb467:0x4b21e7c16d483fbb,,
Randy's Horse Camp,,https://www.google.com/maps/place/Randy's+Horse+Camp/data=!4m2!3m1!1s0x8858dda1c18914f1:0x185a2b782a60b9e3,,
Timber Ridge Horse Campground,Tell them you want a site around the big barn ,https://www.google.com/maps/place/Timber+Ridge+Horse+Campground/data=!4m2!3m1!1s0x885d82355a47fe0d:0x8899fb041b9d975e,,
Middle Fork State Fish and Wildlife Area,Bring water no electric ,https://www.google.com/maps/place/Middle+Fork+State+Fish+and+Wildlife+Area/data=!4m2!3m1!1s0x880d447b7a8a3291:0xac1fe5449ea5e038,,
Zumbro Bottoms Horse Campground - Central,,https://www.google.com/maps/place/Zumbro+Bottoms+Horse+Campground+-+Central/data=!4m2!3m1!1s0x87f9b674519e24d9:0x2b5eea8869775c52,,
Minute Man RV Park & Lodging,"Saddle Pass Trail on US Forest service property on the edge of Badlands National Park in South Dakota is one of the most amazing rides ;)  Interstate 90, Badlands Exit 131 and 2 1/2 miles south on SD Hwy 240 to Trail head.",https://www.google.com/maps/place/Minute+Man+RV+Park+%26+Lodging/data=!4m2!3m1!1s0x872b0b312f915c83:0x7f869c61297636f2,,
Whitefish Horse Camp,,https://www.google.com/maps/place/Whitefish+Horse+Camp/data=!4m2!3m1!1s0x54c70f7d3569589d:0x3e1cb1acf7db4306,,
Indian Creek Campground,,https://www.google.com/maps/place/Indian+Creek+Campground/data=!4m2!3m1!1s0x876b616b18db7173:0x5d30cdfc10191023,,
M Lazy C Ranch,,https://www.google.com/maps/place/M+Lazy+C+Ranch/data=!4m2!3m1!1s0x876b35fd43886b09:0xe72f4cfc6d35c347,,
Seward Bluffs Forest Preserve,,https://www.google.com/maps/place/Seward+Bluffs+Forest+Preserve/data=!4m2!3m1!1s0x88088a57a4e8a531:0x94c67177ca127c39,,
Washoe Lake State Park Campround,,https://www.google.com/maps/place/Washoe+Lake+State+Park+Campround/data=!4m2!3m1!1s0x80990db6706bd4dd:0x51277d8ec1393f13,,
Green River Saddle Club,,https://www.google.com/maps/place/Green+River+Saddle+Club/data=!4m2!3m1!1s0x8809094eaf54eb59:0xd34ff1b40809eb17,,
Rudy's Ranch & Horse Camp,,https://www.google.com/maps/place/Rudy's+Ranch+%26+Horse+Camp/data=!4m2!3m1!1s0x8843bda897696341:0x63c16dabc381fcf7,,
Hell Creek Ranch Campground,,https://www.google.com/maps/place/Hell+Creek+Ranch+Campground/data=!4m2!3m1!1s0x882335af9462c2fb:0x93ee5e02f4351420,,
Dryhead Ranch,Working ranch!,https://www.google.com/maps/place/Dryhead+Ranch/data=!4m2!3m1!1s0x5349a9dc87792285:0xd38aa17d5bae3468,,
Cuneo Creek Horse Group Camp,,https://www.google.com/maps/place/Cuneo+Creek+Horse+Group+Camp/data=!4m2!3m1!1s0x54d466e04d72fd3b:0xf1f782c3b46ec6f7,,
Elkins Creek Horse Camp & Tack,,https://www.google.com/maps/place/Elkins+Creek+Horse+Camp+%26+Tack/data=!4m2!3m1!1s0x88461329a0d8ec4d:0x4bbf39f0cbfbbba6,,
Old Desperado Ranch,,https://www.google.com/maps/place/Old+Desperado+Ranch/data=!4m2!3m1!1s0x87d0af238044ef11:0x7710899c3ef7f3,,
Sisters Cow Camp,,https://www.google.com/maps/place/Sisters+Cow+Camp/data=!4m2!3m1!1s0x54bf379b3bbdb463:0x3f51320acb28bc0a,,
Iron Creek Trail,,https://www.google.com/maps/place/Iron+Creek+Trail/data=!4m2!3m1!1s0x5332bd0544a3d219:0x682eb5e5c337d768,,
Iron Horse Unlimited LLC,There is a camp ,https://www.google.com/maps/place/Iron+Horse+Unlimited+LLC/data=!4m2!3m1!1s0x54cde65bd273b803:0x85911322bb0a72d1,,
Wolf Creek State Park,Beautiful beaches when not flooded,https://www.google.com/maps/place/Wolf+Creek+State+Park/data=!4m2!3m1!1s0x887364c98ed801b7:0x6c29a3cc7d155262,,
Bay Creek Ranch Inc,"Near Jackson falls

Ran by Carol Baskin hard-core woman packing heat",https://www.google.com/maps/place/Bay+Creek+Ranch+Inc/data=!4m2!3m1!1s0x8859dc8126ad66eb:0xba7dc57715173adb,,
Big Valley Ranch,,https://www.google.com/maps/place/Big+Valley+Ranch/data=!4m2!3m1!1s0x87fd758031105c0b:0xefcc0303cf2e01eb,,
End of The Trail Equine Campground,,https://www.google.com/maps/place/End+of+The+Trail+Equine+Campground/data=!4m2!3m1!1s0x87fdd30731ee7761:0x26b3ed11129c9c0c,,
Artillery Ridge Campground Gettysburg Horse Park,,https://www.google.com/maps/place/Artillery+Ridge+Campground+Gettysburg+Horse+Park/data=!4m2!3m1!1s0x89c9ad1c593275b5:0x858fe1ac20edecf3,,
Little Lusk Trail Lodge,,https://www.google.com/maps/place/Little+Lusk+Trail+Lodge/data=!4m2!3m1!1s0x8870b93e5bfdb9dd:0x7cde68479aca9284,,
Garey Lake Trail Camp,,https://www.google.com/maps/place/Garey+Lake+Trail+Camp/data=!4m2!3m1!1s0x881e17f7b04d2243:0xfcafcc1297dfbbe9,,
Deam Lake State Recreation Area,,https://www.google.com/maps/place/Deam+Lake+State+Recreation+Area/data=!4m2!3m1!1s0x88696691250cfe9f:0x2a69c8f499b6610e,,
Trappers Lake / Horse Thief Campground,"Supposed to be a great place to go, 200+ miles of trails. Highly recommended ",https://www.google.com/maps/place/Trappers+Lake+%2F+Horse+Thief+Campground/data=!4m2!3m1!1s0x87422a614812028b:0x32db955a42135e00,,
Putnam Co Conservation District,,https://www.google.com/maps/place/Putnam+Co+Conservation+District/data=!4m2!3m1!1s0x880bd0e2968d3ac5:0x10265280e9142018,,
Union Grove State Park,Horse camp here,https://www.google.com/maps/place/Union+Grove+State+Park/data=!4m2!3m1!1s0x878e5e675fc55ded:0x7b6c7c566b4fc177,,
Hay Creek Ranch,,https://www.google.com/maps/place/Hay+Creek+Ranch/data=!4m2!3m1!1s0x5332abce3e07b83b:0x73a1d7983ba1c6e6,,
Circle K Horse Camp,,https://www.google.com/maps/place/Circle+K+Horse+Camp/data=!4m2!3m1!1s0x8762c519ce341f7b:0x11074b2b5013bd3e,,
Wawona Campground,,https://www.google.com/maps/place/Wawona+Campground/data=!4m2!3m1!1s0x80969101f0d69c13:0xdeea110e6c2d95ec,,
Double M Campground,,https://www.google.com/maps/place/Double+M+Campground/data=!4m2!3m1!1s0x8870f32e0767b8c3:0x8d7bee0514a68eaf,,
Von Holten Ranch,Good layover spot ,https://www.google.com/maps/place/Von+Holten+Ranch/data=!4m2!3m1!1s0x87c47e44a0360053:0x2120bb08aa203f77,,
Panther Creek Trail Rides,Cattle drives?,https://www.google.com/maps/place/Panther+Creek+Trail+Rides/data=!4m2!3m1!1s0x87db3129b19f411d:0x5eea49e94a690a4c,,
Winding River Resort,Omg ,https://www.google.com/maps/place/Winding+River+Resort/data=!4m2!3m1!1s0x876983c1fe97e17d:0xe2dd52237371a7b5,,
Leatherwood Mountains Resort,,https://www.google.com/maps/place/Leatherwood+Mountains+Resort/data=!4m2!3m1!1s0x88511de5da28a2e9:0xa7f7750b92bb689e,,
Anthony Creek Horse Camp,,https://www.google.com/maps/place/Anthony+Creek+Horse+Camp/data=!4m2!3m1!1s0x885ea560a2a5c69d:0xca91babab7d2a44d,,
Hidden Cave Ranch Bed and Breakfast,,https://www.google.com/maps/place/Hidden+Cave+Ranch+Bed+and+Breakfast/data=!4m2!3m1!1s0x8867bd7ab468f9b9:0xbceae716feb9144b,,
Huckleberry Farms,,https://www.google.com/maps/place/Huckleberry+Farms/data=!4m2!3m1!1s0x88e6f1b4e386b6d5:0xbfc0ff53bea5c560,,
DEEP CREEK BOARDING STABLES & CAMPING,,https://www.google.com/maps/place/DEEP+CREEK+BOARDING+STABLES+%26+CAMPING/data=!4m2!3m1!1s0x88594892b4d3d847:0xea88ab072424fb24,,
Gilbertson's Lazy Horse Retrt,,https://www.google.com/maps/place/Gilbertson's+Lazy+Horse+Retrt/data=!4m2!3m1!1s0x885ea5eb0e75b49b:0xde63436835973ca3,,
Mammoth Cave Horse Camp,,https://www.google.com/maps/place/Mammoth+Cave+Horse+Camp/data=!4m2!3m1!1s0x8868aa11fbdead81:0xc9b06a68ca63632e,,
Rustic Sky Horse Camp,,https://www.google.com/maps/place/Rustic+Sky+Horse+Camp/data=!4m2!3m1!1s0x863ac594a5dc38a5:0xa019ea43729d5925,,
Kentucky Horsepark Campground,,https://www.google.com/maps/place/Kentucky+Horsepark+Campground/data=!4m2!3m1!1s0x8842472730d00819:0x37877898754d6f58,,
Big South Fork Lodge & Horse Campground,,https://www.google.com/maps/place/Big+South+Fork+Lodge+%26+Horse+Campground/data=!4m2!3m1!1s0x885d9d4bc0319ef3:0xfb9be28fc387f351,,
Tram Road Equestrian Campground,,https://www.google.com/maps/place/Tram+Road+Equestrian+Campground/data=!4m2!3m1!1s0x88e6e7cb7fc3c099:0x750ae003224527c7,,
JC Stage Stop B&B,,https://www.google.com/maps/place/JC+Stage+Stop+B%26B/data=!4m2!3m1!1s0x53328bf010805783:0x9a87b59ac876fcb,,
Coldwater Creek Recreation Area,,https://www.google.com/maps/place/Coldwater+Creek+Recreation+Area/data=!4m2!3m1!1s0x8890ff4d15981015:0x917a37e439ba5016,,
Florida Horse Park,,https://www.google.com/maps/place/Florida+Horse+Park/data=!4m2!3m1!1s0x88e7d6da6eaea01d:0x42bd3766855d67,,
McCulley Farms,,https://www.google.com/maps/place/McCulley+Farms/data=!4m2!3m1!1s0x88eeed1d9f7fd8b9:0x246c233cf1e9853,,
Black Horse Resort Ranch,,https://www.google.com/maps/place/Black+Horse+Resort+Ranch/data=!4m2!3m1!1s0x88e7b7556604b149:0xd3d4b15c67ddb2dd,,
Rocking Horse Stables,,https://www.google.com/maps/place/Rocking+Horse+Stables/data=!4m2!3m1!1s0x88e7af737ba2e7a9:0x223514d2819a047a,,
Jubilee College State Park,,https://www.google.com/maps/place/Jubilee+College+State+Park/data=!4m2!3m1!1s0x880a6f04576b450f:0xa211d8063e9c5d45,,
Elk Haven,Can ride out of camp to mt Rushmore,https://www.google.com/maps/place/Elk+Haven/data=!4m2!3m1!1s0x877d30adef3f6801:0x71168b854cb11ddf,,
Hard Labor Creek State Park,,https://www.google.com/maps/place/Hard+Labor+Creek+State+Park/data=!4m2!3m1!1s0x88f5d5611b904829:0x84ab2ec7336d034f,,
Laurel Fork Rustic Retreat,,https://www.google.com/maps/place/Laurel+Fork+Rustic+Retreat/data=!4m2!3m1!1s0x885d9fef923974cf:0x47e1013354d0bdd1,,
Spotted Dance Ranch,,https://www.google.com/maps/place/Spotted+Dance+Ranch/data=!4m2!3m1!1s0x88e800d828562053:0xe2bca483b75453f6,,
Long Branch Rest and Ride,,https://www.google.com/maps/place/Long+Branch+Rest+and+Ride/data=!4m2!3m1!1s0x88eee798d5021eb3:0xf0a951353f3e7fc9,,
Red Hill Horse Camp,,https://www.google.com/maps/place/Red+Hill+Horse+Camp/data=!4m2!3m1!1s0x8843260c21275c83:0x578c5e1acbf8e680,,
Shangrila Campgrounds,,https://www.google.com/maps/place/Shangrila+Campgrounds/data=!4m2!3m1!1s0x88e8786a3857f239:0xb0cee52535921d34,,
TC Performance Horses,,https://www.google.com/maps/place/TC+Performance+Horses/data=!4m2!3m1!1s0x88479eda331ea565:0x14621f2889b0ca3,,
Waterloo Horse Camp & Staging Area,,https://www.google.com/maps/place/Waterloo+Horse+Camp+%26+Staging+Area/data=!4m2!3m1!1s0x883cd23a4143fe53:0x2b207137f979f3cb,,
Goethe Trailhead Ranch RV Campground,,https://www.google.com/maps/place/Goethe+Trailhead+Ranch+RV+Campground/data=!4m2!3m1!1s0x88e85fee548d3b97:0x722467f33a015679,,
Cypress Breeze Farm Horsback Trail Riding,,https://www.google.com/maps/place/Cypress+Breeze+Farm+Horsback+Trail+Riding/data=!4m2!3m1!1s0x88c2e4c096dd2b7d:0x81781f3e5266c906,,
Spirit of the Suwannee Music Park,,https://www.google.com/maps/place/Spirit+of+the+Suwannee+Music+Park/data=!4m2!3m1!1s0x88eee1af4e4f97eb:0x333dae863522b45b,,
Smokey Valley Farm,,https://www.google.com/maps/place/Smokey+Valley+Farm/data=!4m2!3m1!1s0x884423d801895fc7:0x6fe892d091ce2934,,
Big Rock Forest Preserve,,https://www.google.com/maps/place/Big+Rock+Forest+Preserve/data=!4m2!3m1!1s0x880ec2d909b6aea7:0xd503ec989b89379f,,
MILLER FLAT RESERVOIR CAMPGROUND,,https://www.google.com/maps/place/MILLER+FLAT+RESERVOIR+CAMPGROUND/data=!4m2!3m1!1s0x874c1a25b0895967:0x4287bff4193bb923,,
Lumber River Campground,,https://www.google.com/maps/place/Lumber+River+Campground/data=!4m2!3m1!1s0x89aaeb04e8d1a1c3:0xc1dd1bc15bf6c985,,
H COOPER BLACK PARK,,https://www.google.com/maps/place/H+COOPER+BLACK+PARK/data=!4m2!3m1!1s0x88550e25a93a3691:0x2876fc2c4d66142a,,
Chattooga Trails Bed & Barn,,https://www.google.com/maps/place/Chattooga+Trails+Bed+%26+Barn/data=!4m2!3m1!1s0x8858e619b88a8229:0xa104a323f84efada,,
Mingo Trails Saddle Club,,https://www.google.com/maps/place/Mingo+Trails+Saddle+Club/data=!4m2!3m1!1s0x88f12f1b75a45aed:0x28ea68948e17117d,,
Yosemite Valley Stables,,https://www.google.com/maps/place/Yosemite+Valley+Stables/data=!4m2!3m1!1s0x8096f236b8f9b307:0xb47eaa1a1738d2da,,
Seven Springs,,https://www.google.com/maps/place/Seven+Springs/data=!4m2!3m1!1s0x888a492ffe86217d:0xd637cad3d21758a8,,
Big Creek Trail Ride,,https://www.google.com/maps/place/Big+Creek+Trail+Ride/data=!4m2!3m1!1s0x87da7141cd5b5b1d:0x238d03bc089ea739,,
Mather Campground,,https://www.google.com/maps/place/Mather+Campground/data=!4m2!3m1!1s0x873310bb46d408af:0x8707b07073f2d2e1,,
Steel Creek Campground,,https://www.google.com/maps/place/Steel+Creek+Campground/data=!4m2!3m1!1s0x87ce99fdd79a5207:0x2b82c5dd6b383882,,
Bridle Ridge Horse & RV Camp,,https://www.google.com/maps/place/Bridle+Ridge+Horse+%26+RV+Camp/data=!4m2!3m1!1s0x8762c99ed2c9a6bf:0x2c05de169e72f328,,
Quehanna Wild Area,,https://www.google.com/maps/place/Quehanna+Wild+Area/data=!4m2!3m1!1s0x89cc35a8db83a64f:0x80b28b5af944206b,,
Crazyhorse Ranch & Lodge,,https://www.google.com/maps/place/Crazyhorse+Ranch+%26+Lodge/data=!4m2!3m1!1s0x886ea0076e6afa93:0x78d0717cd4f2e7c0,,
East Fork Stables,,https://www.google.com/maps/place/East+Fork+Stables/data=!4m2!3m1!1s0x886763b2b2363d77:0xb5e55d625628bf29,,
Cataloochee Horse Camp,,https://www.google.com/maps/place/Cataloochee+Horse+Camp/data=!4m2!3m1!1s0x885964833d176ae7:0x8e32e2f75acb1656,,
White Sands National Monument,,https://www.google.com/maps/place/White+Sands+National+Monument/data=!4m2!3m1!1s0x86e06303071072f3:0x36d1188767bf20c3,,
Cedar Ridge Trails,,https://www.google.com/maps/place/Cedar+Ridge+Trails/data=!4m2!3m1!1s0x87dac8146a53a983:0xf6734d503d11e4f1,,
Bar-K Wrangler Campsite,,https://www.google.com/maps/place/Bar-K+Wrangler+Campsite/data=!4m2!3m1!1s0x87cfa3d7c9a37fa7:0x2b48f426ce5e36a2,,
Eagle Ranch Resort,,https://www.google.com/maps/place/Eagle+Ranch+Resort/data=!4m2!3m1!1s0x87c5d34000000001:0x7656f239aabc1833,,
Brushy Creek State Recreation Area,,https://www.google.com/maps/place/Brushy+Creek+State+Recreation+Area/data=!4m2!3m1!1s0x87edf3c4f4062e39:0x38369439bf60d6c6,,
"River Valley Ranch, Inc.",,"https://www.google.com/maps/place/River+Valley+Ranch,+Inc./data=!4m2!3m1!1s0x87f60c0f21e0a303:0xa03e8ed36be759ce",,
Crows Creek Campground,,https://www.google.com/maps/place/Crows+Creek+Campground/data=!4m2!3m1!1s0x87c05029cd65cb07:0x28128abcae7a6340,,
Brushy Creek Lodge & Resort,,https://www.google.com/maps/place/Brushy+Creek+Lodge+%26+Resort/data=!4m2!3m1!1s0x87d9ee9d4f30be45:0x67b1f84db185bb3b,,
Buffalo River,,https://www.google.com/maps/place/Buffalo+River/data=!4m2!3m1!1s0x87ce7364880441c3:0x9348cc85d5ee56fb,,
Wranglers Campground,,https://www.google.com/maps/place/Wranglers+Campground/data=!4m2!3m1!1s0x887ae5304144accf:0x6ee8da24133b2e6b,,
Governor Dodge State Park,,https://www.google.com/maps/place/Governor+Dodge+State+Park/data=!4m2!3m1!1s0x87fd7b292a51c4cb:0x39518e7d7871721b,,
Cross Country Trail Rides,,https://www.google.com/maps/place/Cross+Country+Trail+Rides/data=!4m2!3m1!1s0x87d0af855e7f7371:0xc4f0a43b32eac3f5,,
Land Between the Lakes National Recreation Area,,https://www.google.com/maps/place/Land+Between+the+Lakes+National+Recreation+Area/data=!4m2!3m1!1s0x887afa602862ab65:0x330108019c1dcfe2,,
Jim Edgar Panther Creek State Fish and Wildlife Area,,https://www.google.com/maps/place/Jim+Edgar+Panther+Creek+State+Fish+and+Wildlife+Area/data=!4m2!3m1!1s0x87e000a3b949b1eb:0x6e10a5803d90d10e,,
Palisades Creek Campground,,https://www.google.com/maps/place/Palisades+Creek+Campground/data=!4m2!3m1!1s0x535365af3eb62469:0xbf31e41eddb4235e,,
